video_path,category,ground_truth,prediction,real_probability,fake_probability,frames_analyzed,features_extracted,correct
Dataset/Video/original/000.mp4,original,REAL,FAKE,0.0089,0.9911,10,216,False
Dataset/Video/original/001.mp4,original,REAL,FAKE,0.2312,0.7688,10,216,False
Dataset/Video/original/002.mp4,original,REAL,FAKE,0.1677,0.8323,10,216,False
Dataset/Video/original/003.mp4,original,REAL,FAKE,0.0045,0.9955,10,216,False
Dataset/Video/original/004.mp4,original,REAL,FAKE,0.0145,0.9855,10,216,False
Dataset/Video/original/005.mp4,original,REAL,FAKE,0.2556,0.7444,10,216,False
Dataset/Video/original/006.mp4,original,REAL,FAKE,0.018,0.982,10,216,False
Dataset/Video/original/007.mp4,original,REAL,FAKE,0.0441,0.9559,10,216,False
Dataset/Video/original/008.mp4,original,REAL,FAKE,0.0752,0.9248,10,216,False
Dataset/Video/original/009.mp4,original,REAL,FAKE,0.0238,0.9762,10,216,False
Dataset/Video/Deepfakes/000_003.mp4,Deepfakes,FAKE,FAKE,0.0068,0.9932,10,216,True
Dataset/Video/Deepfakes/001_870.mp4,Deepfakes,FAKE,FAKE,0.2504,0.7496,10,216,True
Dataset/Video/Deepfakes/002_006.mp4,Deepfakes,FAKE,REAL,0.6529,0.3471,10,216,False
Dataset/Video/Deepfakes/003_000.mp4,Deepfakes,FAKE,FAKE,0.0176,0.9824,10,216,True
Dataset/Video/Deepfakes/004_982.mp4,Deepfakes,FAKE,FAKE,0.005,0.995,10,216,True
Dataset/Video/Deepfakes/005_010.mp4,Deepfakes,FAKE,FAKE,0.1421,0.8579,10,216,True
Dataset/Video/Deepfakes/006_002.mp4,Deepfakes,FAKE,FAKE,0.0585,0.9415,10,216,True
Dataset/Video/Deepfakes/007_132.mp4,Deepfakes,FAKE,FAKE,0.0304,0.9696,10,216,True
Dataset/Video/Deepfakes/008_990.mp4,Deepfakes,FAKE,FAKE,0.1487,0.8513,10,216,True
Dataset/Video/Deepfakes/009_027.mp4,Deepfakes,FAKE,FAKE,0.0323,0.9677,10,216,True
Dataset/Video/Face2Face/000_003.mp4,Face2Face,FAKE,FAKE,0.045,0.955,10,216,True
Dataset/Video/Face2Face/001_870.mp4,Face2Face,FAKE,FAKE,0.0901,0.9099,10,216,True
Dataset/Video/Face2Face/002_006.mp4,Face2Face,FAKE,FAKE,0.3104,0.6896,10,216,True
Dataset/Video/Face2Face/003_000.mp4,Face2Face,FAKE,FAKE,0.0298,0.9702,10,216,True
Dataset/Video/Face2Face/004_982.mp4,Face2Face,FAKE,FAKE,0.0062,0.9938,10,216,True
Dataset/Video/Face2Face/005_010.mp4,Face2Face,FAKE,FAKE,0.3315,0.6685,10,216,True
Dataset/Video/Face2Face/006_002.mp4,Face2Face,FAKE,FAKE,0.0173,0.9827,10,216,True
Dataset/Video/Face2Face/007_132.mp4,Face2Face,FAKE,FAKE,0.0307,0.9693,10,216,True
Dataset/Video/Face2Face/008_990.mp4,Face2Face,FAKE,FAKE,0.0133,0.9867,10,216,True
Dataset/Video/Face2Face/009_027.mp4,Face2Face,FAKE,FAKE,0.0024,0.9976,10,216,True
Dataset/Video/FaceShifter/000_003.mp4,FaceShifter,FAKE,FAKE,0.014,0.986,10,216,True
Dataset/Video/FaceShifter/001_870.mp4,FaceShifter,FAKE,FAKE,0.1356,0.8644,10,216,True
Dataset/Video/FaceShifter/002_006.mp4,FaceShifter,FAKE,FAKE,0.1075,0.8925,10,216,True
Dataset/Video/FaceShifter/003_000.mp4,FaceShifter,FAKE,FAKE,0.0098,0.9902,10,216,True
Dataset/Video/FaceShifter/004_982.mp4,FaceShifter,FAKE,FAKE,0.0055,0.9945,10,216,True
Dataset/Video/FaceShifter/005_010.mp4,FaceShifter,FAKE,FAKE,0.1558,0.8442,10,216,True
Dataset/Video/FaceShifter/006_002.mp4,FaceShifter,FAKE,FAKE,0.0526,0.9474,10,216,True
Dataset/Video/FaceShifter/007_132.mp4,FaceShifter,FAKE,FAKE,0.028,0.972,10,216,True
Dataset/Video/FaceShifter/008_990.mp4,FaceShifter,FAKE,FAKE,0.1799,0.8201,10,216,True
Dataset/Video/FaceShifter/009_027.mp4,FaceShifter,FAKE,FAKE,0.0186,0.9814,10,216,True
Dataset/Video/FaceSwap/000_003.mp4,FaceSwap,FAKE,FAKE,0.0275,0.9725,10,216,True
Dataset/Video/FaceSwap/001_870.mp4,FaceSwap,FAKE,FAKE,0.3253,0.6747,10,216,True
Dataset/Video/FaceSwap/002_006.mp4,FaceSwap,FAKE,REAL,0.6133,0.3867,10,216,False
Dataset/Video/FaceSwap/003_000.mp4,FaceSwap,FAKE,FAKE,0.0711,0.9289,10,216,True
Dataset/Video/FaceSwap/004_982.mp4,FaceSwap,FAKE,FAKE,0.0048,0.9952,10,216,True
Dataset/Video/FaceSwap/005_010.mp4,FaceSwap,FAKE,FAKE,0.2312,0.7688,10,216,True
Dataset/Video/FaceSwap/006_002.mp4,FaceSwap,FAKE,FAKE,0.0318,0.9682,10,216,True
Dataset/Video/FaceSwap/007_132.mp4,FaceSwap,FAKE,FAKE,0.0226,0.9774,10,216,True
Dataset/Video/FaceSwap/008_990.mp4,FaceSwap,FAKE,FAKE,0.019,0.981,10,216,True
Dataset/Video/FaceSwap/009_027.mp4,FaceSwap,FAKE,FAKE,0.0028,0.9972,10,216,True
Dataset/Video/NeuralTextures/000_003.mp4,NeuralTextures,FAKE,FAKE,0.0176,0.9824,10,216,True
Dataset/Video/NeuralTextures/001_870.mp4,NeuralTextures,FAKE,FAKE,0.08,0.92,10,216,True
Dataset/Video/NeuralTextures/002_006.mp4,NeuralTextures,FAKE,FAKE,0.3633,0.6367,10,216,True
Dataset/Video/NeuralTextures/003_000.mp4,NeuralTextures,FAKE,FAKE,0.0027,0.9973,10,216,True
Dataset/Video/NeuralTextures/004_982.mp4,NeuralTextures,FAKE,FAKE,0.0197,0.9803,10,216,True
Dataset/Video/NeuralTextures/005_010.mp4,NeuralTextures,FAKE,FAKE,0.214,0.786,10,216,True
Dataset/Video/NeuralTextures/006_002.mp4,NeuralTextures,FAKE,FAKE,0.0115,0.9885,10,216,True
Dataset/Video/NeuralTextures/007_132.mp4,NeuralTextures,FAKE,FAKE,0.0046,0.9954,10,216,True
Dataset/Video/NeuralTextures/008_990.mp4,NeuralTextures,FAKE,FAKE,0.0776,0.9224,10,216,True
Dataset/Video/NeuralTextures/009_027.mp4,NeuralTextures,FAKE,FAKE,0.0368,0.9632,10,216,True
Dataset/Video/DeepFakeDetection/01_02__meeting_serious__YVGY8LOK.mp4,DeepFakeDetection,FAKE,FAKE,0.0484,0.9516,10,216,True
Dataset/Video/DeepFakeDetection/01_02__outside_talking_still_laughing__YVGY8LOK.mp4,DeepFakeDetection,FAKE,FAKE,0.007,0.993,10,216,True
Dataset/Video/DeepFakeDetection/01_02__talking_against_wall__YVGY8LOK.mp4,DeepFakeDetection,FAKE,FAKE,0.0078,0.9922,10,216,True
Dataset/Video/DeepFakeDetection/01_02__walk_down_hall_angry__YVGY8LOK.mp4,DeepFakeDetection,FAKE,FAKE,0.0052,0.9948,10,216,True
Dataset/Video/DeepFakeDetection/01_02__walking_down_indoor_hall_disgust__YVGY8LOK.mp4,DeepFakeDetection,FAKE,FAKE,0.0036,0.9964,10,216,True
Dataset/Video/DeepFakeDetection/01_03__hugging_happy__ISF9SP4G.mp4,DeepFakeDetection,FAKE,FAKE,0.0006,0.9994,10,216,True
Dataset/Video/DeepFakeDetection/01_03__kitchen_pan__JZUXXFRB.mp4,DeepFakeDetection,FAKE,FAKE,0.0005,0.9995,10,216,True
Dataset/Video/DeepFakeDetection/01_03__podium_speech_happy__480LQD1C.mp4,DeepFakeDetection,FAKE,FAKE,0.0073,0.9927,10,216,True
Dataset/Video/DeepFakeDetection/01_03__talking_against_wall__JZUXXFRB.mp4,DeepFakeDetection,FAKE,FAKE,0.0032,0.9968,10,216,True
Dataset/Video/DeepFakeDetection/01_04__hugging_happy__GBC7ZGDP.mp4,DeepFakeDetection,FAKE,FAKE,0.0007,0.9993,10,216,True
