model,configuration,training_strategy,threshold_strategy,threshold,val_accuracy,val_balanced_accuracy,val_real_precision,val_real_recall,val_fake_precision,val_fake_recall,val_macro_f1,val_weighted_f1,val_roc_auc,val_pr_auc,diagnostic
LR C=0.01,"{'C': 0.01, 'class_weight': 'balanced', 'dual': False, 'fit_intercept': True, 'intercept_scaling': 1, 'l1_ratio': None, 'max_iter': 3000, 'multi_class': 'auto', 'n_jobs': None, 'penalty': 'l2', 'random_state': 42, 'solver': 'lbfgs', 'tol': 0.0001, 'verbose': 0, 'warm_start': False}",full_class_weight,default_0.5,0.5,0.5,0.5,0.1667,0.5,0.8333,0.5,0.4375,0.5625,0.493,0.8336,WARNING: Balanced Acc=0.500 <= 0.55
LR C=0.01,"{'C': 0.01, 'class_weight': 'balanced', 'dual': False, 'fit_intercept': True, 'intercept_scaling': 1, 'l1_ratio': None, 'max_iter': 3000, 'multi_class': 'auto', 'n_jobs': None, 'penalty': 'l2', 'random_state': 42, 'solver': 'lbfgs', 'tol': 0.0001, 'verbose': 0, 'warm_start': False}",full_class_weight,youden,0.5425,0.3542,0.5375,0.1806,0.8125,0.875,0.2625,0.3497,0.3858,0.493,0.8336,WARNING: FAKE recall=0.263 < 0.50; Balanced Acc=0.537 <= 0.55
LR C=0.01,"{'C': 0.01, 'class_weight': 'balanced', 'dual': False, 'fit_intercept': True, 'intercept_scaling': 1, 'l1_ratio': None, 'max_iter': 3000, 'multi_class': 'auto', 'n_jobs': None, 'penalty': 'l2', 'random_state': 42, 'solver': 'lbfgs', 'tol': 0.0001, 'verbose': 0, 'warm_start': False}",full_class_weight,ba_opt,0.3,0.8229,0.5188,0.3333,0.0625,0.8387,0.975,0.5035,0.769,0.493,0.8336,WARNING: REAL recall=0.062 < 0.50; Balanced Acc=0.519 <= 0.55
LR C=0.01,"{'C': 0.01, 'class_weight': 'balanced', 'dual': False, 'fit_intercept': True, 'intercept_scaling': 1, 'l1_ratio': None, 'max_iter': 3000, 'multi_class': 'auto', 'n_jobs': None, 'penalty': 'l2', 'random_state': 42, 'solver': 'lbfgs', 'tol': 0.0001, 'verbose': 0, 'warm_start': False}",undersample,default_0.5,0.5,0.4167,0.5,0.1667,0.625,0.8333,0.375,0.3902,0.4749,0.493,0.8436,WARNING: FAKE recall=0.375 < 0.50; Balanced Acc=0.500 <= 0.55
LR C=0.01,"{'C': 0.01, 'class_weight': 'balanced', 'dual': False, 'fit_intercept': True, 'intercept_scaling': 1, 'l1_ratio': None, 'max_iter': 3000, 'multi_class': 'auto', 'n_jobs': None, 'penalty': 'l2', 'random_state': 42, 'solver': 'lbfgs', 'tol': 0.0001, 'verbose': 0, 'warm_start': False}",undersample,youden,0.6925,0.2188,0.5312,0.1758,1.0,1.0,0.0625,0.2084,0.1479,0.493,0.8436,WARNING: FAKE recall=0.062 < 0.50; Balanced Acc=0.531 <= 0.55
LR C=0.01,"{'C': 0.01, 'class_weight': 'balanced', 'dual': False, 'fit_intercept': True, 'intercept_scaling': 1, 'l1_ratio': None, 'max_iter': 3000, 'multi_class': 'auto', 'n_jobs': None, 'penalty': 'l2', 'random_state': 42, 'solver': 'lbfgs', 'tol': 0.0001, 'verbose': 0, 'warm_start': False}",undersample,ba_opt,0.65,0.25,0.525,0.1744,0.9375,0.9,0.1125,0.2471,0.2157,0.493,0.8436,WARNING: FAKE recall=0.113 < 0.50; Balanced Acc=0.525 <= 0.55
LR C=0.1,"{'C': 0.1, 'class_weight': 'balanced', 'dual': False, 'fit_intercept': True, 'intercept_scaling': 1, 'l1_ratio': None, 'max_iter': 3000, 'multi_class': 'auto', 'n_jobs': None, 'penalty': 'l2', 'random_state': 42, 'solver': 'lbfgs', 'tol': 0.0001, 'verbose': 0, 'warm_start': False}",full_class_weight,default_0.5,0.5,0.4896,0.4938,0.1633,0.5,0.8298,0.4875,0.4302,0.5528,0.4969,0.8289,WARNING: FAKE recall=0.487 < 0.50; Balanced Acc=0.494 <= 0.55
LR C=0.1,"{'C': 0.1, 'class_weight': 'balanced', 'dual': False, 'fit_intercept': True, 'intercept_scaling': 1, 'l1_ratio': None, 'max_iter': 3000, 'multi_class': 'auto', 'n_jobs': None, 'penalty': 'l2', 'random_state': 42, 'solver': 'lbfgs', 'tol': 0.0001, 'verbose': 0, 'warm_start': False}",full_class_weight,youden,0.4088,0.5521,0.5312,0.186,0.5,0.8491,0.5625,0.4739,0.6091,0.4969,0.8289,WARNING: Balanced Acc=0.531 <= 0.55
LR C=0.1,"{'C': 0.1, 'class_weight': 'balanced', 'dual': False, 'fit_intercept': True, 'intercept_scaling': 1, 'l1_ratio': None, 'max_iter': 3000, 'multi_class': 'auto', 'n_jobs': None, 'penalty': 'l2', 'random_state': 42, 'solver': 'lbfgs', 'tol': 0.0001, 'verbose': 0, 'warm_start': False}",full_class_weight,ba_opt,0.3,0.7188,0.5312,0.2105,0.25,0.8442,0.8125,0.5283,0.7281,0.4969,0.8289,WARNING: REAL recall=0.250 < 0.50; Balanced Acc=0.531 <= 0.55
LR C=0.1,"{'C': 0.1, 'class_weight': 'balanced', 'dual': False, 'fit_intercept': True, 'intercept_scaling': 1, 'l1_ratio': None, 'max_iter': 3000, 'multi_class': 'auto', 'n_jobs': None, 'penalty': 'l2', 'random_state': 42, 'solver': 'lbfgs', 'tol': 0.0001, 'verbose': 0, 'warm_start': False}",undersample,default_0.5,0.5,0.4479,0.4938,0.1636,0.5625,0.8293,0.425,0.4078,0.5106,0.4969,0.8466,WARNING: FAKE recall=0.425 < 0.50; Balanced Acc=0.494 <= 0.55
LR C=0.1,"{'C': 0.1, 'class_weight': 'balanced', 'dual': False, 'fit_intercept': True, 'intercept_scaling': 1, 'l1_ratio': None, 'max_iter': 3000, 'multi_class': 'auto', 'n_jobs': None, 'penalty': 'l2', 'random_state': 42, 'solver': 'lbfgs', 'tol': 0.0001, 'verbose': 0, 'warm_start': False}",undersample,youden,0.6039,0.3958,0.5375,0.1818,0.75,0.8667,0.325,0.3827,0.4427,0.4969,0.8466,WARNING: FAKE recall=0.325 < 0.50; Balanced Acc=0.537 <= 0.55
LR C=0.1,"{'C': 0.1, 'class_weight': 'balanced', 'dual': False, 'fit_intercept': True, 'intercept_scaling': 1, 'l1_ratio': None, 'max_iter': 3000, 'multi_class': 'auto', 'n_jobs': None, 'penalty': 'l2', 'random_state': 42, 'solver': 'lbfgs', 'tol': 0.0001, 'verbose': 0, 'warm_start': False}",undersample,ba_opt,0.15,0.7396,0.5188,0.2,0.1875,0.8395,0.85,0.5191,0.7362,0.4969,0.8466,WARNING: REAL recall=0.188 < 0.50; Balanced Acc=0.519 <= 0.55
LR C=1.0,"{'C': 1.0, 'class_weight': 'balanced', 'dual': False, 'fit_intercept': True, 'intercept_scaling': 1, 'l1_ratio': None, 'max_iter': 3000, 'multi_class': 'auto', 'n_jobs': None, 'penalty': 'l2', 'random_state': 42, 'solver': 'lbfgs', 'tol': 0.0001, 'verbose': 0, 'warm_start': False}",full_class_weight,default_0.5,0.5,0.5312,0.5188,0.1778,0.5,0.8431,0.5375,0.4594,0.5908,0.4937,0.8325,WARNING: Balanced Acc=0.519 <= 0.55
LR C=1.0,"{'C': 1.0, 'class_weight': 'balanced', 'dual': False, 'fit_intercept': True, 'intercept_scaling': 1, 'l1_ratio': None, 'max_iter': 3000, 'multi_class': 'auto', 'n_jobs': None, 'penalty': 'l2', 'random_state': 42, 'solver': 'lbfgs', 'tol': 0.0001, 'verbose': 0, 'warm_start': False}",full_class_weight,youden,0.7243,0.3229,0.5437,0.1818,0.875,0.8947,0.2125,0.3223,0.3364,0.4937,0.8325,WARNING: FAKE recall=0.212 < 0.50; Balanced Acc=0.544 <= 0.55
LR C=1.0,"{'C': 1.0, 'class_weight': 'balanced', 'dual': False, 'fit_intercept': True, 'intercept_scaling': 1, 'l1_ratio': None, 'max_iter': 3000, 'multi_class': 'auto', 'n_jobs': None, 'penalty': 'l2', 'random_state': 42, 'solver': 'lbfgs', 'tol': 0.0001, 'verbose': 0, 'warm_start': False}",full_class_weight,ba_opt,0.6,0.4583,0.525,0.1786,0.625,0.85,0.425,0.4222,0.5185,0.4937,0.8325,WARNING: FAKE recall=0.425 < 0.50; Balanced Acc=0.525 <= 0.55
LR C=1.0,"{'C': 1.0, 'class_weight': 'balanced', 'dual': False, 'fit_intercept': True, 'intercept_scaling': 1, 'l1_ratio': None, 'max_iter': 3000, 'multi_class': 'auto', 'n_jobs': None, 'penalty': 'l2', 'random_state': 42, 'solver': 'lbfgs', 'tol': 0.0001, 'verbose': 0, 'warm_start': False}",undersample,default_0.5,0.5,0.5104,0.4813,0.1556,0.4375,0.8235,0.525,0.4354,0.5726,0.4844,0.8341,WARNING: REAL recall=0.438 < 0.50; Balanced Acc=0.481 <= 0.55
LR C=1.0,"{'C': 1.0, 'class_weight': 'balanced', 'dual': False, 'fit_intercept': True, 'intercept_scaling': 1, 'l1_ratio': None, 'max_iter': 3000, 'multi_class': 'auto', 'n_jobs': None, 'penalty': 'l2', 'random_state': 42, 'solver': 'lbfgs', 'tol': 0.0001, 'verbose': 0, 'warm_start': False}",undersample,youden,0.824,0.3958,0.5375,0.1818,0.75,0.8667,0.325,0.3827,0.4427,0.4844,0.8341,WARNING: FAKE recall=0.325 < 0.50; Balanced Acc=0.537 <= 0.55
LR C=1.0,"{'C': 1.0, 'class_weight': 'balanced', 'dual': False, 'fit_intercept': True, 'intercept_scaling': 1, 'l1_ratio': None, 'max_iter': 3000, 'multi_class': 'auto', 'n_jobs': None, 'penalty': 'l2', 'random_state': 42, 'solver': 'lbfgs', 'tol': 0.0001, 'verbose': 0, 'warm_start': False}",undersample,ba_opt,0.1,0.6667,0.525,0.1923,0.3125,0.8429,0.7375,0.5124,0.6952,0.4844,0.8341,WARNING: REAL recall=0.312 < 0.50; Balanced Acc=0.525 <= 0.55
LR C=10.0,"{'C': 10.0, 'class_weight': 'balanced', 'dual': False, 'fit_intercept': True, 'intercept_scaling': 1, 'l1_ratio': None, 'max_iter': 3000, 'multi_class': 'auto', 'n_jobs': None, 'penalty': 'l2', 'random_state': 42, 'solver': 'lbfgs', 'tol': 0.0001, 'verbose': 0, 'warm_start': False}",full_class_weight,default_0.5,0.5,0.5104,0.5062,0.1702,0.5,0.8367,0.5125,0.4448,0.572,0.5062,0.8299,WARNING: Balanced Acc=0.506 <= 0.55
LR C=10.0,"{'C': 10.0, 'class_weight': 'balanced', 'dual': False, 'fit_intercept': True, 'intercept_scaling': 1, 'l1_ratio': None, 'max_iter': 3000, 'multi_class': 'auto', 'n_jobs': None, 'penalty': 'l2', 'random_state': 42, 'solver': 'lbfgs', 'tol': 0.0001, 'verbose': 0, 'warm_start': False}",full_class_weight,youden,0.3808,0.5833,0.55,0.2,0.5,0.8571,0.6,0.4958,0.6359,0.5062,0.8299,WARNING: Balanced Acc=0.550 <= 0.55
LR C=10.0,"{'C': 10.0, 'class_weight': 'balanced', 'dual': False, 'fit_intercept': True, 'intercept_scaling': 1, 'l1_ratio': None, 'max_iter': 3000, 'multi_class': 'auto', 'n_jobs': None, 'penalty': 'l2', 'random_state': 42, 'solver': 'lbfgs', 'tol': 0.0001, 'verbose': 0, 'warm_start': False}",full_class_weight,ba_opt,0.3,0.6042,0.5375,0.1944,0.4375,0.85,0.6375,0.4989,0.652,0.5062,0.8299,WARNING: REAL recall=0.438 < 0.50; Balanced Acc=0.537 <= 0.55
LR C=10.0,"{'C': 10.0, 'class_weight': 'balanced', 'dual': False, 'fit_intercept': True, 'intercept_scaling': 1, 'l1_ratio': None, 'max_iter': 3000, 'multi_class': 'auto', 'n_jobs': None, 'penalty': 'l2', 'random_state': 42, 'solver': 'lbfgs', 'tol': 0.0001, 'verbose': 0, 'warm_start': False}",undersample,default_0.5,0.5,0.5417,0.5,0.1667,0.4375,0.8333,0.5625,0.4565,0.5999,0.5039,0.8491,WARNING: REAL recall=0.438 < 0.50; Balanced Acc=0.500 <= 0.55
LR C=10.0,"{'C': 10.0, 'class_weight': 'balanced', 'dual': False, 'fit_intercept': True, 'intercept_scaling': 1, 'l1_ratio': None, 'max_iter': 3000, 'multi_class': 'auto', 'n_jobs': None, 'penalty': 'l2', 'random_state': 42, 'solver': 'lbfgs', 'tol': 0.0001, 'verbose': 0, 'warm_start': False}",undersample,youden,0.8162,0.4792,0.5625,0.1964,0.6875,0.875,0.4375,0.4444,0.537,0.5039,0.8491,WARNING: FAKE recall=0.438 < 0.50
LR C=10.0,"{'C': 10.0, 'class_weight': 'balanced', 'dual': False, 'fit_intercept': True, 'intercept_scaling': 1, 'l1_ratio': None, 'max_iter': 3000, 'multi_class': 'auto', 'n_jobs': None, 'penalty': 'l2', 'random_state': 42, 'solver': 'lbfgs', 'tol': 0.0001, 'verbose': 0, 'warm_start': False}",undersample,ba_opt,0.75,0.4792,0.5625,0.1964,0.6875,0.875,0.4375,0.4444,0.537,0.5039,0.8491,WARNING: FAKE recall=0.438 < 0.50
LinearSVM C=0.01,"{'C': 0.01, 'break_ties': False, 'cache_size': 200, 'class_weight': 'balanced', 'coef0': 0.0, 'decision_function_shape': 'ovr', 'degree': 3, 'gamma': 'scale', 'kernel': 'linear', 'max_iter': -1, 'probability': True, 'random_state': 42, 'shrinking': True, 'tol': 0.001, 'verbose': False}",full_class_weight,default_0.5,0.5,0.8333,0.5,0.0,0.0,0.8333,1.0,0.4545,0.7576,0.4992,0.8344,WARNING: REAL recall=0.000 < 0.50; Balanced Acc=0.500 <= 0.55
LinearSVM C=0.01,"{'C': 0.01, 'break_ties': False, 'cache_size': 200, 'class_weight': 'balanced', 'coef0': 0.0, 'decision_function_shape': 'ovr', 'degree': 3, 'gamma': 'scale', 'kernel': 'linear', 'max_iter': -1, 'probability': True, 'random_state': 42, 'shrinking': True, 'tol': 0.001, 'verbose': False}",full_class_weight,youden,0.9305,0.4688,0.5312,0.1818,0.625,0.8537,0.4375,0.4301,0.529,0.4992,0.8344,WARNING: FAKE recall=0.438 < 0.50; Balanced Acc=0.531 <= 0.55
LinearSVM C=0.01,"{'C': 0.01, 'break_ties': False, 'cache_size': 200, 'class_weight': 'balanced', 'coef0': 0.0, 'decision_function_shape': 'ovr', 'degree': 3, 'gamma': 'scale', 'kernel': 'linear', 'max_iter': -1, 'probability': True, 'random_state': 42, 'shrinking': True, 'tol': 0.001, 'verbose': False}",full_class_weight,ba_opt,0.85,0.7604,0.5062,0.1818,0.125,0.8353,0.8875,0.5044,0.7419,0.4992,0.8344,WARNING: REAL recall=0.125 < 0.50; Balanced Acc=0.506 <= 0.55
LinearSVM C=0.01,"{'C': 0.01, 'break_ties': False, 'cache_size': 200, 'class_weight': 'balanced', 'coef0': 0.0, 'decision_function_shape': 'ovr', 'degree': 3, 'gamma': 'scale', 'kernel': 'linear', 'max_iter': -1, 'probability': True, 'random_state': 42, 'shrinking': True, 'tol': 0.001, 'verbose': False}",undersample,default_0.5,0.5,0.6458,0.4875,0.1538,0.25,0.8286,0.725,0.4819,0.6762,0.4992,0.8471,WARNING: REAL recall=0.250 < 0.50; Balanced Acc=0.487 <= 0.55
LinearSVM C=0.01,"{'C': 0.01, 'break_ties': False, 'cache_size': 200, 'class_weight': 'balanced', 'coef0': 0.0, 'decision_function_shape': 'ovr', 'degree': 3, 'gamma': 'scale', 'kernel': 'linear', 'max_iter': -1, 'probability': True, 'random_state': 42, 'shrinking': True, 'tol': 0.001, 'verbose': False}",undersample,youden,0.5194,0.2708,0.5375,0.1786,0.9375,0.9167,0.1375,0.2696,0.2493,0.4992,0.8471,WARNING: FAKE recall=0.138 < 0.50; Balanced Acc=0.537 <= 0.55
LinearSVM C=0.01,"{'C': 0.01, 'break_ties': False, 'cache_size': 200, 'class_weight': 'balanced', 'coef0': 0.0, 'decision_function_shape': 'ovr', 'degree': 3, 'gamma': 'scale', 'kernel': 'linear', 'max_iter': -1, 'probability': True, 'random_state': 42, 'shrinking': True, 'tol': 0.001, 'verbose': False}",undersample,ba_opt,0.1,0.8333,0.5,0.0,0.0,0.8333,1.0,0.4545,0.7576,0.4992,0.8471,WARNING: REAL recall=0.000 < 0.50; Balanced Acc=0.500 <= 0.55
LinearSVM C=0.1,"{'C': 0.1, 'break_ties': False, 'cache_size': 200, 'class_weight': 'balanced', 'coef0': 0.0, 'decision_function_shape': 'ovr', 'degree': 3, 'gamma': 'scale', 'kernel': 'linear', 'max_iter': -1, 'probability': True, 'random_state': 42, 'shrinking': True, 'tol': 0.001, 'verbose': False}",full_class_weight,default_0.5,0.5,0.8333,0.5,0.0,0.0,0.8333,1.0,0.4545,0.7576,0.5023,0.8379,WARNING: REAL recall=0.000 < 0.50; Balanced Acc=0.500 <= 0.55
LinearSVM C=0.1,"{'C': 0.1, 'break_ties': False, 'cache_size': 200, 'class_weight': 'balanced', 'coef0': 0.0, 'decision_function_shape': 'ovr', 'degree': 3, 'gamma': 'scale', 'kernel': 'linear', 'max_iter': -1, 'probability': True, 'random_state': 42, 'shrinking': True, 'tol': 0.001, 'verbose': False}",full_class_weight,youden,0.8661,0.7812,0.5437,0.2727,0.1875,0.8471,0.9,0.5475,0.7643,0.5023,0.8379,WARNING: REAL recall=0.188 < 0.50; Balanced Acc=0.544 <= 0.55
LinearSVM C=0.1,"{'C': 0.1, 'break_ties': False, 'cache_size': 200, 'class_weight': 'balanced', 'coef0': 0.0, 'decision_function_shape': 'ovr', 'degree': 3, 'gamma': 'scale', 'kernel': 'linear', 'max_iter': -1, 'probability': True, 'random_state': 42, 'shrinking': True, 'tol': 0.001, 'verbose': False}",full_class_weight,ba_opt,0.85,0.8438,0.5312,1.0,0.0625,0.8421,1.0,0.516,0.7815,0.5023,0.8379,WARNING: REAL recall=0.062 < 0.50; Balanced Acc=0.531 <= 0.55
LinearSVM C=0.1,"{'C': 0.1, 'break_ties': False, 'cache_size': 200, 'class_weight': 'balanced', 'coef0': 0.0, 'decision_function_shape': 'ovr', 'degree': 3, 'gamma': 'scale', 'kernel': 'linear', 'max_iter': -1, 'probability': True, 'random_state': 42, 'shrinking': True, 'tol': 0.001, 'verbose': False}",undersample,default_0.5,0.5,0.5833,0.5,0.1667,0.375,0.8333,0.625,0.4725,0.6337,0.5043,0.8432,WARNING: REAL recall=0.375 < 0.50; Balanced Acc=0.500 <= 0.55
LinearSVM C=0.1,"{'C': 0.1, 'break_ties': False, 'cache_size': 200, 'class_weight': 'balanced', 'coef0': 0.0, 'decision_function_shape': 'ovr', 'degree': 3, 'gamma': 'scale', 'kernel': 'linear', 'max_iter': -1, 'probability': True, 'random_state': 42, 'shrinking': True, 'tol': 0.001, 'verbose': False}",undersample,youden,0.5544,0.2604,0.5312,0.1765,0.9375,0.9091,0.125,0.2584,0.2327,0.5043,0.8432,WARNING: FAKE recall=0.125 < 0.50; Balanced Acc=0.531 <= 0.55
LinearSVM C=0.1,"{'C': 0.1, 'break_ties': False, 'cache_size': 200, 'class_weight': 'balanced', 'coef0': 0.0, 'decision_function_shape': 'ovr', 'degree': 3, 'gamma': 'scale', 'kernel': 'linear', 'max_iter': -1, 'probability': True, 'random_state': 42, 'shrinking': True, 'tol': 0.001, 'verbose': False}",undersample,ba_opt,0.45,0.8021,0.5062,0.2,0.0625,0.8352,0.95,0.4921,0.7566,0.5043,0.8432,WARNING: REAL recall=0.062 < 0.50; Balanced Acc=0.506 <= 0.55
LinearSVM C=1.0,"{'C': 1.0, 'break_ties': False, 'cache_size': 200, 'class_weight': 'balanced', 'coef0': 0.0, 'decision_function_shape': 'ovr', 'degree': 3, 'gamma': 'scale', 'kernel': 'linear', 'max_iter': -1, 'probability': True, 'random_state': 42, 'shrinking': True, 'tol': 0.001, 'verbose': False}",full_class_weight,default_0.5,0.5,0.8333,0.5,0.0,0.0,0.8333,1.0,0.4545,0.7576,0.507,0.8365,WARNING: REAL recall=0.000 < 0.50; Balanced Acc=0.500 <= 0.55
LinearSVM C=1.0,"{'C': 1.0, 'break_ties': False, 'cache_size': 200, 'class_weight': 'balanced', 'coef0': 0.0, 'decision_function_shape': 'ovr', 'degree': 3, 'gamma': 'scale', 'kernel': 'linear', 'max_iter': -1, 'probability': True, 'random_state': 42, 'shrinking': True, 'tol': 0.001, 'verbose': False}",full_class_weight,youden,0.8881,0.4688,0.5563,0.193,0.6875,0.8718,0.425,0.4364,0.5264,0.507,0.8365,WARNING: FAKE recall=0.425 < 0.50
LinearSVM C=1.0,"{'C': 1.0, 'break_ties': False, 'cache_size': 200, 'class_weight': 'balanced', 'coef0': 0.0, 'decision_function_shape': 'ovr', 'degree': 3, 'gamma': 'scale', 'kernel': 'linear', 'max_iter': -1, 'probability': True, 'random_state': 42, 'shrinking': True, 'tol': 0.001, 'verbose': False}",full_class_weight,ba_opt,0.1,0.8333,0.5,0.0,0.0,0.8333,1.0,0.4545,0.7576,0.507,0.8365,WARNING: REAL recall=0.000 < 0.50; Balanced Acc=0.500 <= 0.55
LinearSVM C=1.0,"{'C': 1.0, 'break_ties': False, 'cache_size': 200, 'class_weight': 'balanced', 'coef0': 0.0, 'decision_function_shape': 'ovr', 'degree': 3, 'gamma': 'scale', 'kernel': 'linear', 'max_iter': -1, 'probability': True, 'random_state': 42, 'shrinking': True, 'tol': 0.001, 'verbose': False}",undersample,default_0.5,0.5,0.5729,0.4938,0.1622,0.375,0.8305,0.6125,0.4657,0.6253,0.5004,0.8464,WARNING: REAL recall=0.375 < 0.50; Balanced Acc=0.494 <= 0.55
LinearSVM C=1.0,"{'C': 1.0, 'break_ties': False, 'cache_size': 200, 'class_weight': 'balanced', 'coef0': 0.0, 'decision_function_shape': 'ovr', 'degree': 3, 'gamma': 'scale', 'kernel': 'linear', 'max_iter': -1, 'probability': True, 'random_state': 42, 'shrinking': True, 'tol': 0.001, 'verbose': False}",undersample,youden,0.556,0.2708,0.5375,0.1786,0.9375,0.9167,0.1375,0.2696,0.2493,0.5004,0.8464,WARNING: FAKE recall=0.138 < 0.50; Balanced Acc=0.537 <= 0.55
LinearSVM C=1.0,"{'C': 1.0, 'break_ties': False, 'cache_size': 200, 'class_weight': 'balanced', 'coef0': 0.0, 'decision_function_shape': 'ovr', 'degree': 3, 'gamma': 'scale', 'kernel': 'linear', 'max_iter': -1, 'probability': True, 'random_state': 42, 'shrinking': True, 'tol': 0.001, 'verbose': False}",undersample,ba_opt,0.55,0.3021,0.5312,0.1772,0.875,0.8824,0.1875,0.302,0.3069,0.5004,0.8464,WARNING: FAKE recall=0.188 < 0.50; Balanced Acc=0.531 <= 0.55
LinearSVM C=10.0,"{'C': 10.0, 'break_ties': False, 'cache_size': 200, 'class_weight': 'balanced', 'coef0': 0.0, 'decision_function_shape': 'ovr', 'degree': 3, 'gamma': 'scale', 'kernel': 'linear', 'max_iter': -1, 'probability': True, 'random_state': 42, 'shrinking': True, 'tol': 0.001, 'verbose': False}",full_class_weight,default_0.5,0.5,0.8333,0.5,0.0,0.0,0.8333,1.0,0.4545,0.7576,0.4891,0.8406,WARNING: REAL recall=0.000 < 0.50; Balanced Acc=0.500 <= 0.55
LinearSVM C=10.0,"{'C': 10.0, 'break_ties': False, 'cache_size': 200, 'class_weight': 'balanced', 'coef0': 0.0, 'decision_function_shape': 'ovr', 'degree': 3, 'gamma': 'scale', 'kernel': 'linear', 'max_iter': -1, 'probability': True, 'random_state': 42, 'shrinking': True, 'tol': 0.001, 'verbose': False}",full_class_weight,youden,0.8791,0.6562,0.5437,0.2069,0.375,0.8507,0.7125,0.5211,0.6907,0.4891,0.8406,WARNING: REAL recall=0.375 < 0.50; Balanced Acc=0.544 <= 0.55
LinearSVM C=10.0,"{'C': 10.0, 'break_ties': False, 'cache_size': 200, 'class_weight': 'balanced', 'coef0': 0.0, 'decision_function_shape': 'ovr', 'degree': 3, 'gamma': 'scale', 'kernel': 'linear', 'max_iter': -1, 'probability': True, 'random_state': 42, 'shrinking': True, 'tol': 0.001, 'verbose': False}",full_class_weight,ba_opt,0.1,0.8333,0.5,0.0,0.0,0.8333,1.0,0.4545,0.7576,0.4891,0.8406,WARNING: REAL recall=0.000 < 0.50; Balanced Acc=0.500 <= 0.55
LinearSVM C=10.0,"{'C': 10.0, 'break_ties': False, 'cache_size': 200, 'class_weight': 'balanced', 'coef0': 0.0, 'decision_function_shape': 'ovr', 'degree': 3, 'gamma': 'scale', 'kernel': 'linear', 'max_iter': -1, 'probability': True, 'random_state': 42, 'shrinking': True, 'tol': 0.001, 'verbose': False}",undersample,default_0.5,0.5,0.5,0.5,0.1667,0.5,0.8333,0.5,0.4375,0.5625,0.5039,0.8437,WARNING: Balanced Acc=0.500 <= 0.55
LinearSVM C=10.0,"{'C': 10.0, 'break_ties': False, 'cache_size': 200, 'class_weight': 'balanced', 'coef0': 0.0, 'decision_function_shape': 'ovr', 'degree': 3, 'gamma': 'scale', 'kernel': 'linear', 'max_iter': -1, 'probability': True, 'random_state': 42, 'shrinking': True, 'tol': 0.001, 'verbose': False}",undersample,youden,0.4475,0.7292,0.5625,0.25,0.3125,0.8553,0.8125,0.5556,0.7407,0.5039,0.8437,WARNING: REAL recall=0.312 < 0.50
LinearSVM C=10.0,"{'C': 10.0, 'break_ties': False, 'cache_size': 200, 'class_weight': 'balanced', 'coef0': 0.0, 'decision_function_shape': 'ovr', 'degree': 3, 'gamma': 'scale', 'kernel': 'linear', 'max_iter': -1, 'probability': True, 'random_state': 42, 'shrinking': True, 'tol': 0.001, 'verbose': False}",undersample,ba_opt,0.45,0.7083,0.55,0.2273,0.3125,0.8514,0.7875,0.5407,0.7257,0.5039,0.8437,WARNING: REAL recall=0.312 < 0.50; Balanced Acc=0.550 <= 0.55
RBFSVM C=1.0 g=scale,"{'C': 1.0, 'break_ties': False, 'cache_size': 200, 'class_weight': 'balanced', 'coef0': 0.0, 'decision_function_shape': 'ovr', 'degree': 3, 'gamma': 'scale', 'kernel': 'rbf', 'max_iter': -1, 'probability': True, 'random_state': 42, 'shrinking': True, 'tol': 0.001, 'verbose': False}",full_class_weight,default_0.5,0.5,0.8333,0.5,0.0,0.0,0.8333,1.0,0.4545,0.7576,0.5086,0.843,WARNING: REAL recall=0.000 < 0.50; Balanced Acc=0.500 <= 0.55
RBFSVM C=1.0 g=scale,"{'C': 1.0, 'break_ties': False, 'cache_size': 200, 'class_weight': 'balanced', 'coef0': 0.0, 'decision_function_shape': 'ovr', 'degree': 3, 'gamma': 'scale', 'kernel': 'rbf', 'max_iter': -1, 'probability': True, 'random_state': 42, 'shrinking': True, 'tol': 0.001, 'verbose': False}",full_class_weight,youden,0.9643,0.5208,0.5375,0.1875,0.5625,0.8542,0.5125,0.4609,0.5807,0.5086,0.843,WARNING: Balanced Acc=0.537 <= 0.55
RBFSVM C=1.0 g=scale,"{'C': 1.0, 'break_ties': False, 'cache_size': 200, 'class_weight': 'balanced', 'coef0': 0.0, 'decision_function_shape': 'ovr', 'degree': 3, 'gamma': 'scale', 'kernel': 'rbf', 'max_iter': -1, 'probability': True, 'random_state': 42, 'shrinking': True, 'tol': 0.001, 'verbose': False}",full_class_weight,ba_opt,0.1,0.8333,0.5,0.0,0.0,0.8333,1.0,0.4545,0.7576,0.5086,0.843,WARNING: REAL recall=0.000 < 0.50; Balanced Acc=0.500 <= 0.55
RBFSVM C=1.0 g=scale,"{'C': 1.0, 'break_ties': False, 'cache_size': 200, 'class_weight': 'balanced', 'coef0': 0.0, 'decision_function_shape': 'ovr', 'degree': 3, 'gamma': 'scale', 'kernel': 'rbf', 'max_iter': -1, 'probability': True, 'random_state': 42, 'shrinking': True, 'tol': 0.001, 'verbose': False}",undersample,default_0.5,0.5,0.5833,0.5,0.1667,0.375,0.8333,0.625,0.4725,0.6337,0.5188,0.8614,WARNING: REAL recall=0.375 < 0.50; Balanced Acc=0.500 <= 0.55
RBFSVM C=1.0 g=scale,"{'C': 1.0, 'break_ties': False, 'cache_size': 200, 'class_weight': 'balanced', 'coef0': 0.0, 'decision_function_shape': 'ovr', 'degree': 3, 'gamma': 'scale', 'kernel': 'rbf', 'max_iter': -1, 'probability': True, 'random_state': 42, 'shrinking': True, 'tol': 0.001, 'verbose': False}",undersample,youden,0.591,0.2812,0.5687,0.1882,1.0,1.0,0.1375,0.2793,0.2543,0.5188,0.8614,WARNING: FAKE recall=0.138 < 0.50
RBFSVM C=1.0 g=scale,"{'C': 1.0, 'break_ties': False, 'cache_size': 200, 'class_weight': 'balanced', 'coef0': 0.0, 'decision_function_shape': 'ovr', 'degree': 3, 'gamma': 'scale', 'kernel': 'rbf', 'max_iter': -1, 'probability': True, 'random_state': 42, 'shrinking': True, 'tol': 0.001, 'verbose': False}",undersample,ba_opt,0.1,0.8333,0.5,0.0,0.0,0.8333,1.0,0.4545,0.7576,0.5188,0.8614,WARNING: REAL recall=0.000 < 0.50; Balanced Acc=0.500 <= 0.55
RBFSVM C=10.0 g=scale,"{'C': 10.0, 'break_ties': False, 'cache_size': 200, 'class_weight': 'balanced', 'coef0': 0.0, 'decision_function_shape': 'ovr', 'degree': 3, 'gamma': 'scale', 'kernel': 'rbf', 'max_iter': -1, 'probability': True, 'random_state': 42, 'shrinking': True, 'tol': 0.001, 'verbose': False}",full_class_weight,default_0.5,0.5,0.8333,0.5,0.0,0.0,0.8333,1.0,0.4545,0.7576,0.5,0.8469,WARNING: REAL recall=0.000 < 0.50; Balanced Acc=0.500 <= 0.55
RBFSVM C=10.0 g=scale,"{'C': 10.0, 'break_ties': False, 'cache_size': 200, 'class_weight': 'balanced', 'coef0': 0.0, 'decision_function_shape': 'ovr', 'degree': 3, 'gamma': 'scale', 'kernel': 'rbf', 'max_iter': -1, 'probability': True, 'random_state': 42, 'shrinking': True, 'tol': 0.001, 'verbose': False}",full_class_weight,youden,0.9957,0.4479,0.5437,0.1864,0.6875,0.8649,0.4,0.4202,0.5047,0.5,0.8469,WARNING: FAKE recall=0.400 < 0.50; Balanced Acc=0.544 <= 0.55
RBFSVM C=10.0 g=scale,"{'C': 10.0, 'break_ties': False, 'cache_size': 200, 'class_weight': 'balanced', 'coef0': 0.0, 'decision_function_shape': 'ovr', 'degree': 3, 'gamma': 'scale', 'kernel': 'rbf', 'max_iter': -1, 'probability': True, 'random_state': 42, 'shrinking': True, 'tol': 0.001, 'verbose': False}",full_class_weight,ba_opt,0.1,0.8333,0.5,0.0,0.0,0.8333,1.0,0.4545,0.7576,0.5,0.8469,WARNING: REAL recall=0.000 < 0.50; Balanced Acc=0.500 <= 0.55
RBFSVM C=10.0 g=scale,"{'C': 10.0, 'break_ties': False, 'cache_size': 200, 'class_weight': 'balanced', 'coef0': 0.0, 'decision_function_shape': 'ovr', 'degree': 3, 'gamma': 'scale', 'kernel': 'rbf', 'max_iter': -1, 'probability': True, 'random_state': 42, 'shrinking': True, 'tol': 0.001, 'verbose': False}",undersample,default_0.5,0.5,0.5833,0.525,0.1842,0.4375,0.8448,0.6125,0.4847,0.635,0.5172,0.854,WARNING: REAL recall=0.438 < 0.50; Balanced Acc=0.525 <= 0.55
RBFSVM C=10.0 g=scale,"{'C': 10.0, 'break_ties': False, 'cache_size': 200, 'class_weight': 'balanced', 'coef0': 0.0, 'decision_function_shape': 'ovr', 'degree': 3, 'gamma': 'scale', 'kernel': 'rbf', 'max_iter': -1, 'probability': True, 'random_state': 42, 'shrinking': True, 'tol': 0.001, 'verbose': False}",undersample,youden,0.5647,0.4375,0.5625,0.1935,0.75,0.8824,0.375,0.417,0.4899,0.5172,0.854,WARNING: FAKE recall=0.375 < 0.50
RBFSVM C=10.0 g=scale,"{'C': 10.0, 'break_ties': False, 'cache_size': 200, 'class_weight': 'balanced', 'coef0': 0.0, 'decision_function_shape': 'ovr', 'degree': 3, 'gamma': 'scale', 'kernel': 'rbf', 'max_iter': -1, 'probability': True, 'random_state': 42, 'shrinking': True, 'tol': 0.001, 'verbose': False}",undersample,ba_opt,0.65,0.2604,0.5312,0.1765,0.9375,0.9091,0.125,0.2584,0.2327,0.5172,0.854,WARNING: FAKE recall=0.125 < 0.50; Balanced Acc=0.531 <= 0.55
RBFSVM C=1.0 g=auto,"{'C': 1.0, 'break_ties': False, 'cache_size': 200, 'class_weight': 'balanced', 'coef0': 0.0, 'decision_function_shape': 'ovr', 'degree': 3, 'gamma': 'auto', 'kernel': 'rbf', 'max_iter': -1, 'probability': True, 'random_state': 42, 'shrinking': True, 'tol': 0.001, 'verbose': False}",full_class_weight,default_0.5,0.5,0.8333,0.5,0.0,0.0,0.8333,1.0,0.4545,0.7576,0.5086,0.843,WARNING: REAL recall=0.000 < 0.50; Balanced Acc=0.500 <= 0.55
RBFSVM C=1.0 g=auto,"{'C': 1.0, 'break_ties': False, 'cache_size': 200, 'class_weight': 'balanced', 'coef0': 0.0, 'decision_function_shape': 'ovr', 'degree': 3, 'gamma': 'auto', 'kernel': 'rbf', 'max_iter': -1, 'probability': True, 'random_state': 42, 'shrinking': True, 'tol': 0.001, 'verbose': False}",full_class_weight,youden,0.9643,0.5208,0.5375,0.1875,0.5625,0.8542,0.5125,0.4609,0.5807,0.5086,0.843,WARNING: Balanced Acc=0.537 <= 0.55
RBFSVM C=1.0 g=auto,"{'C': 1.0, 'break_ties': False, 'cache_size': 200, 'class_weight': 'balanced', 'coef0': 0.0, 'decision_function_shape': 'ovr', 'degree': 3, 'gamma': 'auto', 'kernel': 'rbf', 'max_iter': -1, 'probability': True, 'random_state': 42, 'shrinking': True, 'tol': 0.001, 'verbose': False}",full_class_weight,ba_opt,0.1,0.8333,0.5,0.0,0.0,0.8333,1.0,0.4545,0.7576,0.5086,0.843,WARNING: REAL recall=0.000 < 0.50; Balanced Acc=0.500 <= 0.55
RBFSVM C=1.0 g=auto,"{'C': 1.0, 'break_ties': False, 'cache_size': 200, 'class_weight': 'balanced', 'coef0': 0.0, 'decision_function_shape': 'ovr', 'degree': 3, 'gamma': 'auto', 'kernel': 'rbf', 'max_iter': -1, 'probability': True, 'random_state': 42, 'shrinking': True, 'tol': 0.001, 'verbose': False}",undersample,default_0.5,0.5,0.5833,0.5,0.1667,0.375,0.8333,0.625,0.4725,0.6337,0.5188,0.8606,WARNING: REAL recall=0.375 < 0.50; Balanced Acc=0.500 <= 0.55
RBFSVM C=1.0 g=auto,"{'C': 1.0, 'break_ties': False, 'cache_size': 200, 'class_weight': 'balanced', 'coef0': 0.0, 'decision_function_shape': 'ovr', 'degree': 3, 'gamma': 'auto', 'kernel': 'rbf', 'max_iter': -1, 'probability': True, 'random_state': 42, 'shrinking': True, 'tol': 0.001, 'verbose': False}",undersample,youden,0.5953,0.2708,0.5625,0.186,1.0,1.0,0.125,0.268,0.2375,0.5188,0.8606,WARNING: FAKE recall=0.125 < 0.50
RBFSVM C=1.0 g=auto,"{'C': 1.0, 'break_ties': False, 'cache_size': 200, 'class_weight': 'balanced', 'coef0': 0.0, 'decision_function_shape': 'ovr', 'degree': 3, 'gamma': 'auto', 'kernel': 'rbf', 'max_iter': -1, 'probability': True, 'random_state': 42, 'shrinking': True, 'tol': 0.001, 'verbose': False}",undersample,ba_opt,0.55,0.3854,0.5062,0.1692,0.6875,0.8387,0.325,0.37,0.4357,0.5188,0.8606,WARNING: FAKE recall=0.325 < 0.50; Balanced Acc=0.506 <= 0.55
RF depth=None leaf=1,"{'bootstrap': True, 'ccp_alpha': 0.0, 'class_weight': 'balanced', 'criterion': 'gini', 'max_depth': None, 'max_features': 'sqrt', 'max_leaf_nodes': None, 'max_samples': None, 'min_impurity_decrease': 0.0, 'min_samples_leaf': 1, 'min_samples_split': 2, 'min_weight_fraction_leaf': 0.0, 'n_estimators': 300, 'n_jobs': -1, 'oob_score': False, 'random_state': 42, 'verbose': 0, 'warm_start': False}",full_class_weight,default_0.5,0.5,0.8333,0.5,0.0,0.0,0.8333,1.0,0.4545,0.7576,0.4844,0.8274,WARNING: REAL recall=0.000 < 0.50; Balanced Acc=0.500 <= 0.55
RF depth=None leaf=1,"{'bootstrap': True, 'ccp_alpha': 0.0, 'class_weight': 'balanced', 'criterion': 'gini', 'max_depth': None, 'max_features': 'sqrt', 'max_leaf_nodes': None, 'max_samples': None, 'min_impurity_decrease': 0.0, 'min_samples_leaf': 1, 'min_samples_split': 2, 'min_weight_fraction_leaf': 0.0, 'n_estimators': 300, 'n_jobs': -1, 'oob_score': False, 'random_state': 42, 'verbose': 0, 'warm_start': False}",full_class_weight,youden,0.8467,0.4375,0.5375,0.1833,0.6875,0.8611,0.3875,0.412,0.4936,0.4844,0.8274,WARNING: FAKE recall=0.388 < 0.50; Balanced Acc=0.537 <= 0.55
RF depth=None leaf=1,"{'bootstrap': True, 'ccp_alpha': 0.0, 'class_weight': 'balanced', 'criterion': 'gini', 'max_depth': None, 'max_features': 'sqrt', 'max_leaf_nodes': None, 'max_samples': None, 'min_impurity_decrease': 0.0, 'min_samples_leaf': 1, 'min_samples_split': 2, 'min_weight_fraction_leaf': 0.0, 'n_estimators': 300, 'n_jobs': -1, 'oob_score': False, 'random_state': 42, 'verbose': 0, 'warm_start': False}",full_class_weight,ba_opt,0.75,0.8021,0.5062,0.2,0.0625,0.8352,0.95,0.4921,0.7566,0.4844,0.8274,WARNING: REAL recall=0.062 < 0.50; Balanced Acc=0.506 <= 0.55
RF depth=None leaf=1,"{'bootstrap': True, 'ccp_alpha': 0.0, 'class_weight': 'balanced', 'criterion': 'gini', 'max_depth': None, 'max_features': 'sqrt', 'max_leaf_nodes': None, 'max_samples': None, 'min_impurity_decrease': 0.0, 'min_samples_leaf': 1, 'min_samples_split': 2, 'min_weight_fraction_leaf': 0.0, 'n_estimators': 300, 'n_jobs': -1, 'oob_score': False, 'random_state': 42, 'verbose': 0, 'warm_start': False}",undersample,default_0.5,0.5,0.3958,0.5125,0.1719,0.6875,0.8438,0.3375,0.3786,0.4476,0.5156,0.8329,WARNING: FAKE recall=0.338 < 0.50; Balanced Acc=0.512 <= 0.55
RF depth=None leaf=1,"{'bootstrap': True, 'ccp_alpha': 0.0, 'class_weight': 'balanced', 'criterion': 'gini', 'max_depth': None, 'max_features': 'sqrt', 'max_leaf_nodes': None, 'max_samples': None, 'min_impurity_decrease': 0.0, 'min_samples_leaf': 1, 'min_samples_split': 2, 'min_weight_fraction_leaf': 0.0, 'n_estimators': 300, 'n_jobs': -1, 'oob_score': False, 'random_state': 42, 'verbose': 0, 'warm_start': False}",undersample,youden,0.4667,0.5729,0.5687,0.2093,0.5625,0.8679,0.575,0.4984,0.6273,0.5156,0.8329,OK
RF depth=None leaf=1,"{'bootstrap': True, 'ccp_alpha': 0.0, 'class_weight': 'balanced', 'criterion': 'gini', 'max_depth': None, 'max_features': 'sqrt', 'max_leaf_nodes': None, 'max_samples': None, 'min_impurity_decrease': 0.0, 'min_samples_leaf': 1, 'min_samples_split': 2, 'min_weight_fraction_leaf': 0.0, 'n_estimators': 300, 'n_jobs': -1, 'oob_score': False, 'random_state': 42, 'verbose': 0, 'warm_start': False}",undersample,ba_opt,0.45,0.6354,0.5312,0.1935,0.375,0.8462,0.6875,0.507,0.6747,0.5156,0.8329,WARNING: REAL recall=0.375 < 0.50; Balanced Acc=0.531 <= 0.55
RF depth=10 leaf=2,"{'bootstrap': True, 'ccp_alpha': 0.0, 'class_weight': 'balanced', 'criterion': 'gini', 'max_depth': 10, 'max_features': 'sqrt', 'max_leaf_nodes': None, 'max_samples': None, 'min_impurity_decrease': 0.0, 'min_samples_leaf': 2, 'min_samples_split': 2, 'min_weight_fraction_leaf': 0.0, 'n_estimators': 300, 'n_jobs': -1, 'oob_score': False, 'random_state': 42, 'verbose': 0, 'warm_start': False}",full_class_weight,default_0.5,0.5,0.8333,0.5,0.0,0.0,0.8333,1.0,0.4545,0.7576,0.4953,0.8321,WARNING: REAL recall=0.000 < 0.50; Balanced Acc=0.500 <= 0.55
RF depth=10 leaf=2,"{'bootstrap': True, 'ccp_alpha': 0.0, 'class_weight': 'balanced', 'criterion': 'gini', 'max_depth': 10, 'max_features': 'sqrt', 'max_leaf_nodes': None, 'max_samples': None, 'min_impurity_decrease': 0.0, 'min_samples_leaf': 2, 'min_samples_split': 2, 'min_weight_fraction_leaf': 0.0, 'n_estimators': 300, 'n_jobs': -1, 'oob_score': False, 'random_state': 42, 'verbose': 0, 'warm_start': False}",full_class_weight,youden,0.683,0.7917,0.55,0.3,0.1875,0.8488,0.9125,0.5551,0.7714,0.4953,0.8321,WARNING: REAL recall=0.188 < 0.50; Balanced Acc=0.550 <= 0.55
RF depth=10 leaf=2,"{'bootstrap': True, 'ccp_alpha': 0.0, 'class_weight': 'balanced', 'criterion': 'gini', 'max_depth': 10, 'max_features': 'sqrt', 'max_leaf_nodes': None, 'max_samples': None, 'min_impurity_decrease': 0.0, 'min_samples_leaf': 2, 'min_samples_split': 2, 'min_weight_fraction_leaf': 0.0, 'n_estimators': 300, 'n_jobs': -1, 'oob_score': False, 'random_state': 42, 'verbose': 0, 'warm_start': False}",full_class_weight,ba_opt,0.7,0.6979,0.5188,0.1905,0.25,0.84,0.7875,0.5146,0.7135,0.4953,0.8321,WARNING: REAL recall=0.250 < 0.50; Balanced Acc=0.519 <= 0.55
RF depth=10 leaf=2,"{'bootstrap': True, 'ccp_alpha': 0.0, 'class_weight': 'balanced', 'criterion': 'gini', 'max_depth': 10, 'max_features': 'sqrt', 'max_leaf_nodes': None, 'max_samples': None, 'min_impurity_decrease': 0.0, 'min_samples_leaf': 2, 'min_samples_split': 2, 'min_weight_fraction_leaf': 0.0, 'n_estimators': 300, 'n_jobs': -1, 'oob_score': False, 'random_state': 42, 'verbose': 0, 'warm_start': False}",undersample,default_0.5,0.5,0.375,0.5,0.1667,0.6875,0.8333,0.3125,0.3614,0.4235,0.4867,0.8357,WARNING: FAKE recall=0.312 < 0.50; Balanced Acc=0.500 <= 0.55
RF depth=10 leaf=2,"{'bootstrap': True, 'ccp_alpha': 0.0, 'class_weight': 'balanced', 'criterion': 'gini', 'max_depth': 10, 'max_features': 'sqrt', 'max_leaf_nodes': None, 'max_samples': None, 'min_impurity_decrease': 0.0, 'min_samples_leaf': 2, 'min_samples_split': 2, 'min_weight_fraction_leaf': 0.0, 'n_estimators': 300, 'n_jobs': -1, 'oob_score': False, 'random_state': 42, 'verbose': 0, 'warm_start': False}",undersample,youden,0.582,0.3229,0.5437,0.1818,0.875,0.8947,0.2125,0.3223,0.3364,0.4867,0.8357,WARNING: FAKE recall=0.212 < 0.50; Balanced Acc=0.544 <= 0.55
RF depth=10 leaf=2,"{'bootstrap': True, 'ccp_alpha': 0.0, 'class_weight': 'balanced', 'criterion': 'gini', 'max_depth': 10, 'max_features': 'sqrt', 'max_leaf_nodes': None, 'max_samples': None, 'min_impurity_decrease': 0.0, 'min_samples_leaf': 2, 'min_samples_split': 2, 'min_weight_fraction_leaf': 0.0, 'n_estimators': 300, 'n_jobs': -1, 'oob_score': False, 'random_state': 42, 'verbose': 0, 'warm_start': False}",undersample,ba_opt,0.3,0.8125,0.5125,0.25,0.0625,0.837,0.9625,0.4977,0.7628,0.4867,0.8357,WARNING: REAL recall=0.062 < 0.50; Balanced Acc=0.512 <= 0.55
RF depth=20 leaf=1,"{'bootstrap': True, 'ccp_alpha': 0.0, 'class_weight': 'balanced', 'criterion': 'gini', 'max_depth': 20, 'max_features': 'sqrt', 'max_leaf_nodes': None, 'max_samples': None, 'min_impurity_decrease': 0.0, 'min_samples_leaf': 1, 'min_samples_split': 2, 'min_weight_fraction_leaf': 0.0, 'n_estimators': 300, 'n_jobs': -1, 'oob_score': False, 'random_state': 42, 'verbose': 0, 'warm_start': False}",full_class_weight,default_0.5,0.5,0.8333,0.5,0.0,0.0,0.8333,1.0,0.4545,0.7576,0.4746,0.8194,WARNING: REAL recall=0.000 < 0.50; Balanced Acc=0.500 <= 0.55
RF depth=20 leaf=1,"{'bootstrap': True, 'ccp_alpha': 0.0, 'class_weight': 'balanced', 'criterion': 'gini', 'max_depth': 20, 'max_features': 'sqrt', 'max_leaf_nodes': None, 'max_samples': None, 'min_impurity_decrease': 0.0, 'min_samples_leaf': 1, 'min_samples_split': 2, 'min_weight_fraction_leaf': 0.0, 'n_estimators': 300, 'n_jobs': -1, 'oob_score': False, 'random_state': 42, 'verbose': 0, 'warm_start': False}",full_class_weight,youden,0.7645,0.8021,0.5312,0.2857,0.125,0.8427,0.9375,0.5307,0.7686,0.4746,0.8194,WARNING: REAL recall=0.125 < 0.50; Balanced Acc=0.531 <= 0.55
RF depth=20 leaf=1,"{'bootstrap': True, 'ccp_alpha': 0.0, 'class_weight': 'balanced', 'criterion': 'gini', 'max_depth': 20, 'max_features': 'sqrt', 'max_leaf_nodes': None, 'max_samples': None, 'min_impurity_decrease': 0.0, 'min_samples_leaf': 1, 'min_samples_split': 2, 'min_weight_fraction_leaf': 0.0, 'n_estimators': 300, 'n_jobs': -1, 'oob_score': False, 'random_state': 42, 'verbose': 0, 'warm_start': False}",full_class_weight,ba_opt,0.8,0.6667,0.525,0.1923,0.3125,0.8429,0.7375,0.5124,0.6952,0.4746,0.8194,WARNING: REAL recall=0.312 < 0.50; Balanced Acc=0.525 <= 0.55
RF depth=20 leaf=1,"{'bootstrap': True, 'ccp_alpha': 0.0, 'class_weight': 'balanced', 'criterion': 'gini', 'max_depth': 20, 'max_features': 'sqrt', 'max_leaf_nodes': None, 'max_samples': None, 'min_impurity_decrease': 0.0, 'min_samples_leaf': 1, 'min_samples_split': 2, 'min_weight_fraction_leaf': 0.0, 'n_estimators': 300, 'n_jobs': -1, 'oob_score': False, 'random_state': 42, 'verbose': 0, 'warm_start': False}",undersample,default_0.5,0.5,0.3958,0.5125,0.1719,0.6875,0.8438,0.3375,0.3786,0.4476,0.5156,0.8329,WARNING: FAKE recall=0.338 < 0.50; Balanced Acc=0.512 <= 0.55
RF depth=20 leaf=1,"{'bootstrap': True, 'ccp_alpha': 0.0, 'class_weight': 'balanced', 'criterion': 'gini', 'max_depth': 20, 'max_features': 'sqrt', 'max_leaf_nodes': None, 'max_samples': None, 'min_impurity_decrease': 0.0, 'min_samples_leaf': 1, 'min_samples_split': 2, 'min_weight_fraction_leaf': 0.0, 'n_estimators': 300, 'n_jobs': -1, 'oob_score': False, 'random_state': 42, 'verbose': 0, 'warm_start': False}",undersample,youden,0.4667,0.5729,0.5687,0.2093,0.5625,0.8679,0.575,0.4984,0.6273,0.5156,0.8329,OK
RF depth=20 leaf=1,"{'bootstrap': True, 'ccp_alpha': 0.0, 'class_weight': 'balanced', 'criterion': 'gini', 'max_depth': 20, 'max_features': 'sqrt', 'max_leaf_nodes': None, 'max_samples': None, 'min_impurity_decrease': 0.0, 'min_samples_leaf': 1, 'min_samples_split': 2, 'min_weight_fraction_leaf': 0.0, 'n_estimators': 300, 'n_jobs': -1, 'oob_score': False, 'random_state': 42, 'verbose': 0, 'warm_start': False}",undersample,ba_opt,0.45,0.6354,0.5312,0.1935,0.375,0.8462,0.6875,0.507,0.6747,0.5156,0.8329,WARNING: REAL recall=0.375 < 0.50; Balanced Acc=0.531 <= 0.55
ET depth=None leaf=1,"{'bootstrap': False, 'ccp_alpha': 0.0, 'class_weight': 'balanced', 'criterion': 'gini', 'max_depth': None, 'max_features': 'sqrt', 'max_leaf_nodes': None, 'max_samples': None, 'min_impurity_decrease': 0.0, 'min_samples_leaf': 1, 'min_samples_split': 2, 'min_weight_fraction_leaf': 0.0, 'n_estimators': 300, 'n_jobs': -1, 'oob_score': False, 'random_state': 42, 'verbose': 0, 'warm_start': False}",full_class_weight,default_0.5,0.5,0.8333,0.5,0.0,0.0,0.8333,1.0,0.4545,0.7576,0.5301,0.8596,WARNING: REAL recall=0.000 < 0.50; Balanced Acc=0.500 <= 0.55
ET depth=None leaf=1,"{'bootstrap': False, 'ccp_alpha': 0.0, 'class_weight': 'balanced', 'criterion': 'gini', 'max_depth': None, 'max_features': 'sqrt', 'max_leaf_nodes': None, 'max_samples': None, 'min_impurity_decrease': 0.0, 'min_samples_leaf': 1, 'min_samples_split': 2, 'min_weight_fraction_leaf': 0.0, 'n_estimators': 300, 'n_jobs': -1, 'oob_score': False, 'random_state': 42, 'verbose': 0, 'warm_start': False}",full_class_weight,youden,0.8833,0.2917,0.55,0.1829,0.9375,0.9286,0.1625,0.2914,0.2815,0.5301,0.8596,WARNING: FAKE recall=0.163 < 0.50; Balanced Acc=0.550 <= 0.55
ET depth=None leaf=1,"{'bootstrap': False, 'ccp_alpha': 0.0, 'class_weight': 'balanced', 'criterion': 'gini', 'max_depth': None, 'max_features': 'sqrt', 'max_leaf_nodes': None, 'max_samples': None, 'min_impurity_decrease': 0.0, 'min_samples_leaf': 1, 'min_samples_split': 2, 'min_weight_fraction_leaf': 0.0, 'n_estimators': 300, 'n_jobs': -1, 'oob_score': False, 'random_state': 42, 'verbose': 0, 'warm_start': False}",full_class_weight,ba_opt,0.85,0.4479,0.5437,0.1864,0.6875,0.8649,0.4,0.4202,0.5047,0.5301,0.8596,WARNING: FAKE recall=0.400 < 0.50; Balanced Acc=0.544 <= 0.55
ET depth=None leaf=1,"{'bootstrap': False, 'ccp_alpha': 0.0, 'class_weight': 'balanced', 'criterion': 'gini', 'max_depth': None, 'max_features': 'sqrt', 'max_leaf_nodes': None, 'max_samples': None, 'min_impurity_decrease': 0.0, 'min_samples_leaf': 1, 'min_samples_split': 2, 'min_weight_fraction_leaf': 0.0, 'n_estimators': 300, 'n_jobs': -1, 'oob_score': False, 'random_state': 42, 'verbose': 0, 'warm_start': False}",undersample,default_0.5,0.5,0.375,0.525,0.1765,0.75,0.8571,0.3,0.3651,0.418,0.5293,0.8505,WARNING: FAKE recall=0.300 < 0.50; Balanced Acc=0.525 <= 0.55
ET depth=None leaf=1,"{'bootstrap': False, 'ccp_alpha': 0.0, 'class_weight': 'balanced', 'criterion': 'gini', 'max_depth': None, 'max_features': 'sqrt', 'max_leaf_nodes': None, 'max_samples': None, 'min_impurity_decrease': 0.0, 'min_samples_leaf': 1, 'min_samples_split': 2, 'min_weight_fraction_leaf': 0.0, 'n_estimators': 300, 'n_jobs': -1, 'oob_score': False, 'random_state': 42, 'verbose': 0, 'warm_start': False}",undersample,youden,0.3667,0.7396,0.5687,0.2632,0.3125,0.8571,0.825,0.5632,0.7483,0.5293,0.8505,WARNING: REAL recall=0.312 < 0.50
ET depth=None leaf=1,"{'bootstrap': False, 'ccp_alpha': 0.0, 'class_weight': 'balanced', 'criterion': 'gini', 'max_depth': None, 'max_features': 'sqrt', 'max_leaf_nodes': None, 'max_samples': None, 'min_impurity_decrease': 0.0, 'min_samples_leaf': 1, 'min_samples_split': 2, 'min_weight_fraction_leaf': 0.0, 'n_estimators': 300, 'n_jobs': -1, 'oob_score': False, 'random_state': 42, 'verbose': 0, 'warm_start': False}",undersample,ba_opt,0.35,0.7604,0.5312,0.2308,0.1875,0.8434,0.875,0.5329,0.7502,0.5293,0.8505,WARNING: REAL recall=0.188 < 0.50; Balanced Acc=0.531 <= 0.55
ET depth=10 leaf=2,"{'bootstrap': False, 'ccp_alpha': 0.0, 'class_weight': 'balanced', 'criterion': 'gini', 'max_depth': 10, 'max_features': 'sqrt', 'max_leaf_nodes': None, 'max_samples': None, 'min_impurity_decrease': 0.0, 'min_samples_leaf': 2, 'min_samples_split': 2, 'min_weight_fraction_leaf': 0.0, 'n_estimators': 300, 'n_jobs': -1, 'oob_score': False, 'random_state': 42, 'verbose': 0, 'warm_start': False}",full_class_weight,default_0.5,0.5,0.8333,0.5,0.0,0.0,0.8333,1.0,0.4545,0.7576,0.493,0.8355,WARNING: REAL recall=0.000 < 0.50; Balanced Acc=0.500 <= 0.55
ET depth=10 leaf=2,"{'bootstrap': False, 'ccp_alpha': 0.0, 'class_weight': 'balanced', 'criterion': 'gini', 'max_depth': 10, 'max_features': 'sqrt', 'max_leaf_nodes': None, 'max_samples': None, 'min_impurity_decrease': 0.0, 'min_samples_leaf': 2, 'min_samples_split': 2, 'min_weight_fraction_leaf': 0.0, 'n_estimators': 300, 'n_jobs': -1, 'oob_score': False, 'random_state': 42, 'verbose': 0, 'warm_start': False}",full_class_weight,youden,0.5929,0.6875,0.5375,0.2083,0.3125,0.8472,0.7625,0.5263,0.7105,0.493,0.8355,WARNING: REAL recall=0.312 < 0.50; Balanced Acc=0.537 <= 0.55
ET depth=10 leaf=2,"{'bootstrap': False, 'ccp_alpha': 0.0, 'class_weight': 'balanced', 'criterion': 'gini', 'max_depth': 10, 'max_features': 'sqrt', 'max_leaf_nodes': None, 'max_samples': None, 'min_impurity_decrease': 0.0, 'min_samples_leaf': 2, 'min_samples_split': 2, 'min_weight_fraction_leaf': 0.0, 'n_estimators': 300, 'n_jobs': -1, 'oob_score': False, 'random_state': 42, 'verbose': 0, 'warm_start': False}",full_class_weight,ba_opt,0.55,0.7812,0.5188,0.2222,0.125,0.8391,0.9125,0.5171,0.7552,0.493,0.8355,WARNING: REAL recall=0.125 < 0.50; Balanced Acc=0.519 <= 0.55
ET depth=10 leaf=2,"{'bootstrap': False, 'ccp_alpha': 0.0, 'class_weight': 'balanced', 'criterion': 'gini', 'max_depth': 10, 'max_features': 'sqrt', 'max_leaf_nodes': None, 'max_samples': None, 'min_impurity_decrease': 0.0, 'min_samples_leaf': 2, 'min_samples_split': 2, 'min_weight_fraction_leaf': 0.0, 'n_estimators': 300, 'n_jobs': -1, 'oob_score': False, 'random_state': 42, 'verbose': 0, 'warm_start': False}",undersample,default_0.5,0.5,0.4167,0.5,0.1667,0.625,0.8333,0.375,0.3902,0.4749,0.5062,0.8337,WARNING: FAKE recall=0.375 < 0.50; Balanced Acc=0.500 <= 0.55
ET depth=10 leaf=2,"{'bootstrap': False, 'ccp_alpha': 0.0, 'class_weight': 'balanced', 'criterion': 'gini', 'max_depth': 10, 'max_features': 'sqrt', 'max_leaf_nodes': None, 'max_samples': None, 'min_impurity_decrease': 0.0, 'min_samples_leaf': 2, 'min_samples_split': 2, 'min_weight_fraction_leaf': 0.0, 'n_estimators': 300, 'n_jobs': -1, 'oob_score': False, 'random_state': 42, 'verbose': 0, 'warm_start': False}",undersample,youden,0.5284,0.375,0.55,0.1857,0.8125,0.8846,0.2875,0.3681,0.412,0.5062,0.8337,WARNING: FAKE recall=0.287 < 0.50; Balanced Acc=0.550 <= 0.55
ET depth=10 leaf=2,"{'bootstrap': False, 'ccp_alpha': 0.0, 'class_weight': 'balanced', 'criterion': 'gini', 'max_depth': 10, 'max_features': 'sqrt', 'max_leaf_nodes': None, 'max_samples': None, 'min_impurity_decrease': 0.0, 'min_samples_leaf': 2, 'min_samples_split': 2, 'min_weight_fraction_leaf': 0.0, 'n_estimators': 300, 'n_jobs': -1, 'oob_score': False, 'random_state': 42, 'verbose': 0, 'warm_start': False}",undersample,ba_opt,0.4,0.6771,0.5312,0.2,0.3125,0.8451,0.75,0.5193,0.7029,0.5062,0.8337,WARNING: REAL recall=0.312 < 0.50; Balanced Acc=0.531 <= 0.55
ET depth=20 leaf=1,"{'bootstrap': False, 'ccp_alpha': 0.0, 'class_weight': 'balanced', 'criterion': 'gini', 'max_depth': 20, 'max_features': 'sqrt', 'max_leaf_nodes': None, 'max_samples': None, 'min_impurity_decrease': 0.0, 'min_samples_leaf': 1, 'min_samples_split': 2, 'min_weight_fraction_leaf': 0.0, 'n_estimators': 300, 'n_jobs': -1, 'oob_score': False, 'random_state': 42, 'verbose': 0, 'warm_start': False}",full_class_weight,default_0.5,0.5,0.8333,0.5,0.0,0.0,0.8333,1.0,0.4545,0.7576,0.5086,0.848,WARNING: REAL recall=0.000 < 0.50; Balanced Acc=0.500 <= 0.55
ET depth=20 leaf=1,"{'bootstrap': False, 'ccp_alpha': 0.0, 'class_weight': 'balanced', 'criterion': 'gini', 'max_depth': 20, 'max_features': 'sqrt', 'max_leaf_nodes': None, 'max_samples': None, 'min_impurity_decrease': 0.0, 'min_samples_leaf': 1, 'min_samples_split': 2, 'min_weight_fraction_leaf': 0.0, 'n_estimators': 300, 'n_jobs': -1, 'oob_score': False, 'random_state': 42, 'verbose': 0, 'warm_start': False}",full_class_weight,youden,0.8229,0.4167,0.575,0.197,0.8125,0.9,0.3375,0.404,0.4619,0.5086,0.848,WARNING: FAKE recall=0.338 < 0.50
ET depth=20 leaf=1,"{'bootstrap': False, 'ccp_alpha': 0.0, 'class_weight': 'balanced', 'criterion': 'gini', 'max_depth': 20, 'max_features': 'sqrt', 'max_leaf_nodes': None, 'max_samples': None, 'min_impurity_decrease': 0.0, 'min_samples_leaf': 1, 'min_samples_split': 2, 'min_weight_fraction_leaf': 0.0, 'n_estimators': 300, 'n_jobs': -1, 'oob_score': False, 'random_state': 42, 'verbose': 0, 'warm_start': False}",full_class_weight,ba_opt,0.85,0.2812,0.5188,0.1728,0.875,0.8667,0.1625,0.2812,0.2762,0.5086,0.848,WARNING: FAKE recall=0.163 < 0.50; Balanced Acc=0.519 <= 0.55
ET depth=20 leaf=1,"{'bootstrap': False, 'ccp_alpha': 0.0, 'class_weight': 'balanced', 'criterion': 'gini', 'max_depth': 20, 'max_features': 'sqrt', 'max_leaf_nodes': None, 'max_samples': None, 'min_impurity_decrease': 0.0, 'min_samples_leaf': 1, 'min_samples_split': 2, 'min_weight_fraction_leaf': 0.0, 'n_estimators': 300, 'n_jobs': -1, 'oob_score': False, 'random_state': 42, 'verbose': 0, 'warm_start': False}",undersample,default_0.5,0.5,0.375,0.525,0.1765,0.75,0.8571,0.3,0.3651,0.418,0.5352,0.8532,WARNING: FAKE recall=0.300 < 0.50; Balanced Acc=0.525 <= 0.55
ET depth=20 leaf=1,"{'bootstrap': False, 'ccp_alpha': 0.0, 'class_weight': 'balanced', 'criterion': 'gini', 'max_depth': 20, 'max_features': 'sqrt', 'max_leaf_nodes': None, 'max_samples': None, 'min_impurity_decrease': 0.0, 'min_samples_leaf': 1, 'min_samples_split': 2, 'min_weight_fraction_leaf': 0.0, 'n_estimators': 300, 'n_jobs': -1, 'oob_score': False, 'random_state': 42, 'verbose': 0, 'warm_start': False}",undersample,youden,0.3617,0.7188,0.5563,0.2381,0.3125,0.8533,0.8,0.548,0.7332,0.5352,0.8532,WARNING: REAL recall=0.312 < 0.50
ET depth=20 leaf=1,"{'bootstrap': False, 'ccp_alpha': 0.0, 'class_weight': 'balanced', 'criterion': 'gini', 'max_depth': 20, 'max_features': 'sqrt', 'max_leaf_nodes': None, 'max_samples': None, 'min_impurity_decrease': 0.0, 'min_samples_leaf': 1, 'min_samples_split': 2, 'min_weight_fraction_leaf': 0.0, 'n_estimators': 300, 'n_jobs': -1, 'oob_score': False, 'random_state': 42, 'verbose': 0, 'warm_start': False}",undersample,ba_opt,0.5,0.375,0.525,0.1765,0.75,0.8571,0.3,0.3651,0.418,0.5352,0.8532,WARNING: FAKE recall=0.300 < 0.50; Balanced Acc=0.525 <= 0.55
HGB lr=0.1 iter=100,"{'categorical_features': None, 'class_weight': None, 'early_stopping': 'auto', 'interaction_cst': None, 'l2_regularization': 0.0, 'learning_rate': 0.1, 'loss': 'log_loss', 'max_bins': 255, 'max_depth': None, 'max_iter': 100, 'max_leaf_nodes': 31, 'min_samples_leaf': 20, 'monotonic_cst': None, 'n_iter_no_change': 10, 'random_state': 42, 'scoring': 'loss', 'tol': 1e-07, 'validation_fraction': 0.1, 'verbose': 0, 'warm_start': False}",full_sample_weight,default_0.5,0.5,0.8229,0.5188,0.3333,0.0625,0.8387,0.975,0.5035,0.769,0.4219,0.8212,WARNING: REAL recall=0.062 < 0.50; Balanced Acc=0.519 <= 0.55
HGB lr=0.1 iter=100,"{'categorical_features': None, 'class_weight': None, 'early_stopping': 'auto', 'interaction_cst': None, 'l2_regularization': 0.0, 'learning_rate': 0.1, 'loss': 'log_loss', 'max_bins': 255, 'max_depth': None, 'max_iter': 100, 'max_leaf_nodes': 31, 'min_samples_leaf': 20, 'monotonic_cst': None, 'n_iter_no_change': 10, 'random_state': 42, 'scoring': 'loss', 'tol': 1e-07, 'validation_fraction': 0.1, 'verbose': 0, 'warm_start': False}",full_sample_weight,youden,0.9773,0.375,0.575,0.1944,0.875,0.9167,0.275,0.3706,0.4056,0.4219,0.8212,WARNING: FAKE recall=0.275 < 0.50
HGB lr=0.1 iter=100,"{'categorical_features': None, 'class_weight': None, 'early_stopping': 'auto', 'interaction_cst': None, 'l2_regularization': 0.0, 'learning_rate': 0.1, 'loss': 'log_loss', 'max_bins': 255, 'max_depth': None, 'max_iter': 100, 'max_leaf_nodes': 31, 'min_samples_leaf': 20, 'monotonic_cst': None, 'n_iter_no_change': 10, 'random_state': 42, 'scoring': 'loss', 'tol': 1e-07, 'validation_fraction': 0.1, 'verbose': 0, 'warm_start': False}",full_sample_weight,ba_opt,0.5,0.8229,0.5188,0.3333,0.0625,0.8387,0.975,0.5035,0.769,0.4219,0.8212,WARNING: REAL recall=0.062 < 0.50; Balanced Acc=0.519 <= 0.55
HGB lr=0.1 iter=100,"{'categorical_features': None, 'class_weight': None, 'early_stopping': 'auto', 'interaction_cst': None, 'l2_regularization': 0.0, 'learning_rate': 0.1, 'loss': 'log_loss', 'max_bins': 255, 'max_depth': None, 'max_iter': 100, 'max_leaf_nodes': 31, 'min_samples_leaf': 20, 'monotonic_cst': None, 'n_iter_no_change': 10, 'random_state': 42, 'scoring': 'loss', 'tol': 1e-07, 'validation_fraction': 0.1, 'verbose': 0, 'warm_start': False}",undersample_sw,default_0.5,0.5,0.4375,0.4625,0.1481,0.5,0.8095,0.425,0.393,0.5026,0.493,0.8488,WARNING: FAKE recall=0.425 < 0.50; Balanced Acc=0.463 <= 0.55
HGB lr=0.1 iter=100,"{'categorical_features': None, 'class_weight': None, 'early_stopping': 'auto', 'interaction_cst': None, 'l2_regularization': 0.0, 'learning_rate': 0.1, 'loss': 'log_loss', 'max_bins': 255, 'max_depth': None, 'max_iter': 100, 'max_leaf_nodes': 31, 'min_samples_leaf': 20, 'monotonic_cst': None, 'n_iter_no_change': 10, 'random_state': 42, 'scoring': 'loss', 'tol': 1e-07, 'validation_fraction': 0.1, 'verbose': 0, 'warm_start': False}",undersample_sw,youden,0.8137,0.3438,0.5563,0.1867,0.875,0.9048,0.2375,0.342,0.3648,0.493,0.8488,WARNING: FAKE recall=0.237 < 0.50
HGB lr=0.1 iter=100,"{'categorical_features': None, 'class_weight': None, 'early_stopping': 'auto', 'interaction_cst': None, 'l2_regularization': 0.0, 'learning_rate': 0.1, 'loss': 'log_loss', 'max_bins': 255, 'max_depth': None, 'max_iter': 100, 'max_leaf_nodes': 31, 'min_samples_leaf': 20, 'monotonic_cst': None, 'n_iter_no_change': 10, 'random_state': 42, 'scoring': 'loss', 'tol': 1e-07, 'validation_fraction': 0.1, 'verbose': 0, 'warm_start': False}",undersample_sw,ba_opt,0.6,0.4479,0.5437,0.1864,0.6875,0.8649,0.4,0.4202,0.5047,0.493,0.8488,WARNING: FAKE recall=0.400 < 0.50; Balanced Acc=0.544 <= 0.55
HGB lr=0.05 iter=200,"{'categorical_features': None, 'class_weight': None, 'early_stopping': 'auto', 'interaction_cst': None, 'l2_regularization': 0.0, 'learning_rate': 0.05, 'loss': 'log_loss', 'max_bins': 255, 'max_depth': None, 'max_iter': 200, 'max_leaf_nodes': 31, 'min_samples_leaf': 20, 'monotonic_cst': None, 'n_iter_no_change': 10, 'random_state': 42, 'scoring': 'loss', 'tol': 1e-07, 'validation_fraction': 0.1, 'verbose': 0, 'warm_start': False}",full_sample_weight,default_0.5,0.5,0.8229,0.4938,0.0,0.0,0.8316,0.9875,0.4514,0.7524,0.4852,0.8352,WARNING: REAL recall=0.000 < 0.50; Balanced Acc=0.494 <= 0.55
HGB lr=0.05 iter=200,"{'categorical_features': None, 'class_weight': None, 'early_stopping': 'auto', 'interaction_cst': None, 'l2_regularization': 0.0, 'learning_rate': 0.05, 'loss': 'log_loss', 'max_bins': 255, 'max_depth': None, 'max_iter': 200, 'max_leaf_nodes': 31, 'min_samples_leaf': 20, 'monotonic_cst': None, 'n_iter_no_change': 10, 'random_state': 42, 'scoring': 'loss', 'tol': 1e-07, 'validation_fraction': 0.1, 'verbose': 0, 'warm_start': False}",full_sample_weight,youden,0.9071,0.625,0.55,0.2059,0.4375,0.8548,0.6625,0.5132,0.6687,0.4852,0.8352,WARNING: REAL recall=0.438 < 0.50; Balanced Acc=0.550 <= 0.55
HGB lr=0.05 iter=200,"{'categorical_features': None, 'class_weight': None, 'early_stopping': 'auto', 'interaction_cst': None, 'l2_regularization': 0.0, 'learning_rate': 0.05, 'loss': 'log_loss', 'max_bins': 255, 'max_depth': None, 'max_iter': 200, 'max_leaf_nodes': 31, 'min_samples_leaf': 20, 'monotonic_cst': None, 'n_iter_no_change': 10, 'random_state': 42, 'scoring': 'loss', 'tol': 1e-07, 'validation_fraction': 0.1, 'verbose': 0, 'warm_start': False}",full_sample_weight,ba_opt,0.9,0.6146,0.5188,0.1818,0.375,0.8413,0.6625,0.4931,0.6585,0.4852,0.8352,WARNING: REAL recall=0.375 < 0.50; Balanced Acc=0.519 <= 0.55
HGB lr=0.05 iter=200,"{'categorical_features': None, 'class_weight': None, 'early_stopping': 'auto', 'interaction_cst': None, 'l2_regularization': 0.0, 'learning_rate': 0.05, 'loss': 'log_loss', 'max_bins': 255, 'max_depth': None, 'max_iter': 200, 'max_leaf_nodes': 31, 'min_samples_leaf': 20, 'monotonic_cst': None, 'n_iter_no_change': 10, 'random_state': 42, 'scoring': 'loss', 'tol': 1e-07, 'validation_fraction': 0.1, 'verbose': 0, 'warm_start': False}",undersample_sw,default_0.5,0.5,0.4583,0.5,0.1667,0.5625,0.8333,0.4375,0.4155,0.521,0.491,0.8567,WARNING: FAKE recall=0.438 < 0.50; Balanced Acc=0.500 <= 0.55
HGB lr=0.05 iter=200,"{'categorical_features': None, 'class_weight': None, 'early_stopping': 'auto', 'interaction_cst': None, 'l2_regularization': 0.0, 'learning_rate': 0.05, 'loss': 'log_loss', 'max_bins': 255, 'max_depth': None, 'max_iter': 200, 'max_leaf_nodes': 31, 'min_samples_leaf': 20, 'monotonic_cst': None, 'n_iter_no_change': 10, 'random_state': 42, 'scoring': 'loss', 'tol': 1e-07, 'validation_fraction': 0.1, 'verbose': 0, 'warm_start': False}",undersample_sw,youden,0.8458,0.3125,0.5625,0.1875,0.9375,0.9375,0.1875,0.3125,0.3125,0.491,0.8567,WARNING: FAKE recall=0.188 < 0.50
HGB lr=0.05 iter=200,"{'categorical_features': None, 'class_weight': None, 'early_stopping': 'auto', 'interaction_cst': None, 'l2_regularization': 0.0, 'learning_rate': 0.05, 'loss': 'log_loss', 'max_bins': 255, 'max_depth': None, 'max_iter': 200, 'max_leaf_nodes': 31, 'min_samples_leaf': 20, 'monotonic_cst': None, 'n_iter_no_change': 10, 'random_state': 42, 'scoring': 'loss', 'tol': 1e-07, 'validation_fraction': 0.1, 'verbose': 0, 'warm_start': False}",undersample_sw,ba_opt,0.85,0.2812,0.5437,0.1807,0.9375,0.9231,0.15,0.2805,0.2656,0.491,0.8567,WARNING: FAKE recall=0.150 < 0.50; Balanced Acc=0.544 <= 0.55
HGB lr=0.1 iter=200,"{'categorical_features': None, 'class_weight': None, 'early_stopping': 'auto', 'interaction_cst': None, 'l2_regularization': 0.0, 'learning_rate': 0.1, 'loss': 'log_loss', 'max_bins': 255, 'max_depth': None, 'max_iter': 200, 'max_leaf_nodes': 31, 'min_samples_leaf': 20, 'monotonic_cst': None, 'n_iter_no_change': 10, 'random_state': 42, 'scoring': 'loss', 'tol': 1e-07, 'validation_fraction': 0.1, 'verbose': 0, 'warm_start': False}",full_sample_weight,default_0.5,0.5,0.8125,0.4875,0.0,0.0,0.8298,0.975,0.4483,0.7471,0.4422,0.8358,WARNING: REAL recall=0.000 < 0.50; Balanced Acc=0.487 <= 0.55
HGB lr=0.1 iter=200,"{'categorical_features': None, 'class_weight': None, 'early_stopping': 'auto', 'interaction_cst': None, 'l2_regularization': 0.0, 'learning_rate': 0.1, 'loss': 'log_loss', 'max_bins': 255, 'max_depth': None, 'max_iter': 200, 'max_leaf_nodes': 31, 'min_samples_leaf': 20, 'monotonic_cst': None, 'n_iter_no_change': 10, 'random_state': 42, 'scoring': 'loss', 'tol': 1e-07, 'validation_fraction': 0.1, 'verbose': 0, 'warm_start': False}",full_sample_weight,youden,0.9996,0.2812,0.5437,0.1807,0.9375,0.9231,0.15,0.2805,0.2656,0.4422,0.8358,WARNING: FAKE recall=0.150 < 0.50; Balanced Acc=0.544 <= 0.55
HGB lr=0.1 iter=200,"{'categorical_features': None, 'class_weight': None, 'early_stopping': 'auto', 'interaction_cst': None, 'l2_regularization': 0.0, 'learning_rate': 0.1, 'loss': 'log_loss', 'max_bins': 255, 'max_depth': None, 'max_iter': 200, 'max_leaf_nodes': 31, 'min_samples_leaf': 20, 'monotonic_cst': None, 'n_iter_no_change': 10, 'random_state': 42, 'scoring': 'loss', 'tol': 1e-07, 'validation_fraction': 0.1, 'verbose': 0, 'warm_start': False}",full_sample_weight,ba_opt,0.8,0.8021,0.5062,0.2,0.0625,0.8352,0.95,0.4921,0.7566,0.4422,0.8358,WARNING: REAL recall=0.062 < 0.50; Balanced Acc=0.506 <= 0.55
HGB lr=0.1 iter=200,"{'categorical_features': None, 'class_weight': None, 'early_stopping': 'auto', 'interaction_cst': None, 'l2_regularization': 0.0, 'learning_rate': 0.1, 'loss': 'log_loss', 'max_bins': 255, 'max_depth': None, 'max_iter': 200, 'max_leaf_nodes': 31, 'min_samples_leaf': 20, 'monotonic_cst': None, 'n_iter_no_change': 10, 'random_state': 42, 'scoring': 'loss', 'tol': 1e-07, 'validation_fraction': 0.1, 'verbose': 0, 'warm_start': False}",undersample_sw,default_0.5,0.5,0.4688,0.4813,0.1569,0.5,0.8222,0.4625,0.4154,0.5331,0.507,0.8544,WARNING: FAKE recall=0.463 < 0.50; Balanced Acc=0.481 <= 0.55
HGB lr=0.1 iter=200,"{'categorical_features': None, 'class_weight': None, 'early_stopping': 'auto', 'interaction_cst': None, 'l2_regularization': 0.0, 'learning_rate': 0.1, 'loss': 'log_loss', 'max_bins': 255, 'max_depth': None, 'max_iter': 200, 'max_leaf_nodes': 31, 'min_samples_leaf': 20, 'monotonic_cst': None, 'n_iter_no_change': 10, 'random_state': 42, 'scoring': 'loss', 'tol': 1e-07, 'validation_fraction': 0.1, 'verbose': 0, 'warm_start': False}",undersample_sw,youden,0.8456,0.3958,0.5625,0.1912,0.8125,0.8929,0.3125,0.3862,0.4374,0.507,0.8544,WARNING: FAKE recall=0.312 < 0.50
HGB lr=0.1 iter=200,"{'categorical_features': None, 'class_weight': None, 'early_stopping': 'auto', 'interaction_cst': None, 'l2_regularization': 0.0, 'learning_rate': 0.1, 'loss': 'log_loss', 'max_bins': 255, 'max_depth': None, 'max_iter': 200, 'max_leaf_nodes': 31, 'min_samples_leaf': 20, 'monotonic_cst': None, 'n_iter_no_change': 10, 'random_state': 42, 'scoring': 'loss', 'tol': 1e-07, 'validation_fraction': 0.1, 'verbose': 0, 'warm_start': False}",undersample_sw,ba_opt,0.85,0.375,0.55,0.1857,0.8125,0.8846,0.2875,0.3681,0.412,0.507,0.8544,WARNING: FAKE recall=0.287 < 0.50; Balanced Acc=0.550 <= 0.55
